<?xml version="1.0" encoding="UTF-8"?>
<project-private xmlns="http://www.netbeans.org/ns/project-private/1">
    <editor-bookmarks xmlns="http://www.netbeans.org/ns/editor-bookmarks/2" lastBookmarkId="0"/>
    <open-files xmlns="http://www.netbeans.org/ns/projectui-open-files/2">
        <group>
            <file>file:/C:/Users/admin/Documents/NetBeansProjects/transport/web/aes.html</file>
            <file>file:/C:/Users/admin/Documents/NetBeansProjects/transport/web/stylesheet.css</file>
            <file>file:/C:/Users/admin/Documents/NetBeansProjects/transport/web/dij2.jsp</file>
            <file>file:/C:/Users/admin/Documents/NetBeansProjects/transport/web/aes.jsp</file>
            <file>file:/C:/Users/admin/Documents/NetBeansProjects/transport/web/index.css</file>
            <file>file:/C:/Users/admin/Documents/NetBeansProjects/transport/web/dij.html</file>
            <file>file:/C:/Users/admin/Documents/NetBeansProjects/transport/web/dij.jsp</file>
            <file>file:/C:/Users/admin/Documents/NetBeansProjects/transport/web/edetail.html</file>
            <file>file:/C:/Users/admin/Documents/NetBeansProjects/transport/web/register.jsp</file>
            <file>file:/C:/Users/admin/Documents/NetBeansProjects/transport/web/add1.jsp</file>
            <file>file:/C:/Users/admin/Documents/NetBeansProjects/transport/web/vdetail.html</file>
            <file>file:/C:/Users/admin/Documents/NetBeansProjects/transport/web/edetail.jsp</file>
            <file>file:/C:/Users/admin/Documents/NetBeansProjects/transport/web/dij3.jsp</file>
            <file>file:/C:/Users/admin/Documents/NetBeansProjects/transport/web/welcome.html</file>
            <file>file:/C:/Users/admin/Documents/NetBeansProjects/transport/web/vdetail.jsp</file>
            <file>file:/C:/Users/admin/Documents/NetBeansProjects/transport/web/register.html</file>
            <file>file:/C:/Users/admin/Documents/NetBeansProjects/transport/web/dij1.jsp</file>
            <file>file:/C:/Users/admin/Documents/NetBeansProjects/transport/web/index.html</file>
            <file>file:/C:/Users/admin/Documents/NetBeansProjects/transport/web/vdetail.css</file>
            <file>file:/C:/Users/admin/Documents/NetBeansProjects/transport/web/index.jsp</file>
            <file>file:/C:/Users/admin/Documents/NetBeansProjects/transport/web/cust.html</file>
            <file>file:/C:/Users/admin/Documents/NetBeansProjects/transport/web/add.jsp</file>
        </group>
    </open-files>
</project-private>
